Link,Subscriber Count,Video Count,Views,Date Joined,Country
www.youtube.com/@DeadMeat,6.5M subscribers,484 videos,"2,574,322,101 views","Joined Jan 6, 2017",United States
www.youtube.com/@JameerGambino,238K subscribers,37 videos,"18,706,871 views","Joined Jun 27, 2023"
www.youtube.com/@AMPEXCLUSIVE,6.17M subscribers,202 videos,"702,002,868 views","Joined Jan 24, 2020",United States
www.youtube.com/@NBA,22.1M subscribers,"59,149 videos","14,315,272,977 views","Joined Nov 20, 2005",United States
www.youtube.com/channel/UCsB5d_XBvfoxlLp9KOlboLA,627 subscribers,11 videos,"158,751 views","Joined Oct 15, 2022"
www.youtube.com/@FoundFlix,2.31M subscribers,510 videos,"790,145,138 views","Joined Jul 18, 2015",United States
www.youtube.com/@HowToBeatYT,2.61M subscribers,593 videos,"829,670,622 views","Joined Jan 17, 2017",United States
www.youtube.com/@Shiftteamhq,664K subscribers,747 videos,"105,273,233 views","Joined May 23, 2013",United States
www.youtube.com/@filmcomicsexplained,1.01M subscribers,736 videos,"354,713,557 views","Joined May 9, 2017",Australia
www.youtube.com/@babishculinaryuniverse,10.2M subscribers,794 videos,"2,775,925,973 views","Joined Aug 21, 2006",United States
www.youtube.com/@RDCLive1,410K subscribers,581 videos,"158,304,217 views","Joined Aug 20, 2022",United States
www.youtube.com/@WatchMojo,25.4M subscribers,"27,579 videos","16,958,214,092 views","Joined Jan 25, 2007",Canada
www.youtube.com/@DeadMeat,6.5M subscribers,484 videos,"2,575,415,990 views","Joined Jan 6, 2017",United States
www.youtube.com/@WatchMojo,25.4M subscribers,"27,580 videos","16,958,214,092 views","Joined Jan 25, 2007",Canada
www.youtube.com/@bennythebutcher9863,392K subscribers,268 videos,"271,028,562 views","Joined Jan 11, 2015",United States
www.youtube.com/@bennythebutcher9863,392K subscribers,268 videos,"271,028,562 views","Joined Jan 11, 2015",United States
[,',w,w,w,.,y,o,u,t,u,b,e,.,c,o,m,/,@,T,L,C,',",", ,',7,.,9,9,M, ,s,u,b,s,c,r,i,b,e,r,s,',",", ,',8,",",4,8,9, ,v,i,d,e,o,s,',",", ,',5,",",5,8,0,",",8,4,7,",",0,1,9, ,v,i,e,w,s,',",", ,',J,o,i,n,e,d, ,J,a,n, ,7,",", ,2,0,0,6,',",", ,',U,n,i,t,e,d, ,S,t,a,t,e,s,',]
www.youtube.com/@TLC,7.99M subscribers,"8,489 videos","5,580,847,019 views","Joined Jan 7, 2006",United States
